{"cameraMode":{"drawMode":0,"name":"Shaded","section":"Shading Mode"},"sceneLighting":false,"audioPlay":false,"sceneViewState":{"showFog":true,"showMaterialUpdate":false,"showSkybox":false,"showFlares":true,"showImageEffects":true,"showParticleSystems":true},"in2DMode":false,"pivot":{"x":-9.028470039367676,"y":-0.15660706162452699,"z":0.7829787731170654},"rotation":{"x":0.48405519127845766,"y":-0.14388050138950349,"z":0.08104971051216126,"w":0.8593148589134216},"size":2.3747589588165285,"orthographic":true}