{"cameraMode":{"drawMode":0,"name":"Shaded","section":"Shading Mode"},"sceneLighting":false,"audioPlay":false,"sceneViewState":{"showFog":true,"showMaterialUpdate":false,"showSkybox":false,"showFlares":true,"showImageEffects":true,"showParticleSystems":true},"in2DMode":false,"pivot":{"x":690.9500122070313,"y":1356.300048828125,"z":0.0},"rotation":{"x":0.17430856823921204,"y":-0.8031217455863953,"z":0.28325554728507998,"w":0.49463796615600588},"size":124.64395904541016,"orthographic":false}