{"cameraMode":{"drawMode":0,"name":"Shaded","section":"Shading Mode"},"sceneLighting":false,"audioPlay":false,"sceneViewState":{"showFog":true,"showMaterialUpdate":false,"showSkybox":false,"showFlares":true,"showImageEffects":true,"showParticleSystems":true},"in2DMode":false,"pivot":{"x":0.10518956184387207,"y":1.065666913986206,"z":-0.10243451595306397},"rotation":{"x":-0.08972940593957901,"y":0.8711709380149841,"z":-0.17340046167373658,"w":-0.4505501389503479},"size":7.943260669708252,"orthographic":true}