{"cameraMode":{"drawMode":0,"name":"Shaded","section":"Shading Mode"},"sceneLighting":false,"audioPlay":false,"sceneViewState":{"showFog":true,"showMaterialUpdate":false,"showSkybox":false,"showFlares":true,"showImageEffects":true,"showParticleSystems":true},"in2DMode":false,"pivot":{"x":-21.62632942199707,"y":5.721549034118652,"z":27.78972053527832},"rotation":{"x":-0.20614981651306153,"y":0.47461336851119997,"z":-0.1153913289308548,"w":-0.8479073643684387},"size":25.844579696655275,"orthographic":true}