{"cameraMode":{"drawMode":0,"name":"Shaded","section":"Shading Mode"},"sceneLighting":false,"audioPlay":false,"sceneViewState":{"showFog":true,"showMaterialUpdate":false,"showSkybox":false,"showFlares":true,"showImageEffects":true,"showParticleSystems":true},"in2DMode":false,"pivot":{"x":-0.07448005676269531,"y":1.4280184507369996,"z":0.03353285789489746},"rotation":{"x":-0.019639186561107637,"y":0.9728034734725952,"z":-0.08954321593046189,"w":-0.21284325420856477},"size":7.215698719024658,"orthographic":true}