{"cameraMode":{"drawMode":0,"name":"Shaded","section":"Shading Mode"},"sceneLighting":false,"audioPlay":false,"sceneViewState":{"showFog":true,"showMaterialUpdate":false,"showSkybox":false,"showFlares":true,"showImageEffects":true,"showParticleSystems":true},"in2DMode":false,"pivot":{"x":30.93000030517578,"y":1.000315546989441,"z":-30.653751373291017},"rotation":{"x":-0.26160579919815066,"y":0.695488452911377,"z":-0.305595338344574,"w":-0.5953791737556458},"size":4.75397253036499,"orthographic":true}