{"cameraMode":{"drawMode":0,"name":"Shaded","section":"Shading Mode"},"sceneLighting":true,"audioPlay":false,"sceneViewState":{"showFog":true,"showMaterialUpdate":false,"showSkybox":true,"showFlares":true,"showImageEffects":true,"showParticleSystems":true},"in2DMode":false,"pivot":{"x":-8.015626907348633,"y":10.773436546325684,"z":-9.895289421081543},"rotation":{"x":0.24281620979309083,"y":0.3270131051540375,"z":-0.08734223991632462,"w":0.9091089367866516},"size":59.948917388916019,"orthographic":true}