{"cameraMode":{"drawMode":0,"name":"Shaded","section":"Shading Mode"},"sceneLighting":false,"audioPlay":false,"sceneViewState":{"showFog":true,"showMaterialUpdate":false,"showSkybox":false,"showFlares":true,"showImageEffects":true,"showParticleSystems":true},"in2DMode":false,"pivot":{"x":-10.294000625610352,"y":24.080730438232423,"z":4.444878578186035},"rotation":{"x":0.22538134455680848,"y":0.4880669414997101,"z":-0.1320873647928238,"w":0.8328031897544861},"size":104.79659271240235,"orthographic":true}