{"cameraMode":{"drawMode":0,"name":"Shaded","section":"Shading Mode"},"sceneLighting":false,"audioPlay":false,"sceneViewState":{"showFog":true,"showMaterialUpdate":false,"showSkybox":false,"showFlares":true,"showImageEffects":true,"showParticleSystems":true},"in2DMode":false,"pivot":{"x":10.970087051391602,"y":-0.3712332546710968,"z":-19.566076278686525},"rotation":{"x":0.37363651394844057,"y":0.5606281757354736,"z":-0.31265053153038027,"w":0.6697685122489929},"size":3.398094892501831,"orthographic":true}