{"cameraMode":{"drawMode":0,"name":"Shaded","section":"Shading Mode"},"sceneLighting":false,"audioPlay":false,"sceneViewState":{"showFog":true,"showMaterialUpdate":false,"showSkybox":false,"showFlares":true,"showImageEffects":true,"showParticleSystems":true},"in2DMode":false,"pivot":{"x":0.03029954433441162,"y":0.2700580358505249,"z":0.33896148204803469},"rotation":{"x":0.2719532251358032,"y":-0.216771200299263,"z":0.0629667341709137,"w":0.9354865550994873},"size":3.8601717948913576,"orthographic":true}