{"cameraMode":{"drawMode":0,"name":"Shaded","section":"Shading Mode"},"sceneLighting":false,"audioPlay":false,"sceneViewState":{"showFog":true,"showMaterialUpdate":false,"showSkybox":false,"showFlares":true,"showImageEffects":true,"showParticleSystems":true},"in2DMode":false,"pivot":{"x":-0.13339269161224366,"y":1.059819221496582,"z":-0.2776053547859192},"rotation":{"x":-0.17823144793510438,"y":0.7748631834983826,"z":-0.24991978704929353,"w":-0.552596390247345},"size":4.989389896392822,"orthographic":true}