{"cameraMode":{"drawMode":0,"name":"Shaded","section":"Shading Mode"},"sceneLighting":false,"audioPlay":false,"sceneViewState":{"showFog":true,"showMaterialUpdate":false,"showSkybox":false,"showFlares":true,"showImageEffects":true,"showParticleSystems":true},"in2DMode":false,"pivot":{"x":-10.539875984191895,"y":4.447098731994629,"z":5.7344441413879398},"rotation":{"x":0.0826803594827652,"y":0.6974638104438782,"z":-0.08155734837055206,"w":0.7071547508239746},"size":2.8578836917877199,"orthographic":true}