{"cameraMode":{"drawMode":0,"name":"Shaded","section":"Shading Mode"},"sceneLighting":false,"audioPlay":false,"sceneViewState":{"showFog":true,"showMaterialUpdate":false,"showSkybox":false,"showFlares":true,"showImageEffects":true,"showParticleSystems":true},"in2DMode":false,"pivot":{"x":0.5347373485565186,"y":-3.767333507537842,"z":6.5075907707214359},"rotation":{"x":0.6358652114868164,"y":-0.19900694489479066,"z":0.17454379796981812,"w":0.7249895930290222},"size":6.675532341003418,"orthographic":false}