{"cameraMode":{"drawMode":0,"name":"Shaded","section":"Shading Mode"},"sceneLighting":false,"audioPlay":false,"sceneViewState":{"showFog":true,"showMaterialUpdate":false,"showSkybox":false,"showFlares":true,"showImageEffects":true,"showParticleSystems":true},"in2DMode":false,"pivot":{"x":0.18346071243286134,"y":0.5567420721054077,"z":-0.21505045890808106},"rotation":{"x":-0.09315817803144455,"y":0.6114046573638916,"z":-0.0727907344698906,"w":-0.782448410987854},"size":6.581740856170654,"orthographic":true}