{"cameraMode":{"drawMode":0,"name":"Shaded","section":"Shading Mode"},"sceneLighting":false,"audioPlay":false,"sceneViewState":{"showFog":true,"showMaterialUpdate":false,"showSkybox":false,"showFlares":true,"showImageEffects":true,"showParticleSystems":true},"in2DMode":false,"pivot":{"x":-3.0092616081237795,"y":2.2861855030059816,"z":-13.464458465576172},"rotation":{"x":-0.2899942398071289,"y":0.3472500741481781,"z":-0.11384614557027817,"w":-0.8845248222351074},"size":13.148959159851075,"orthographic":false}