{"cameraMode":{"drawMode":0,"name":"Shaded","section":"Shading Mode"},"sceneLighting":false,"audioPlay":false,"sceneViewState":{"showFog":true,"showMaterialUpdate":false,"showSkybox":false,"showFlares":true,"showImageEffects":true,"showParticleSystems":true},"in2DMode":false,"pivot":{"x":-0.6472014784812927,"y":0.3332456946372986,"z":-0.2221865952014923},"rotation":{"x":-0.18225593864917756,"y":0.49520808458328249,"z":-0.10710343718528748,"w":-0.8426791429519653},"size":1.1445930004119874,"orthographic":true}