{"cameraMode":{"drawMode":0,"name":"Shaded","section":"Shading Mode"},"sceneLighting":false,"audioPlay":false,"sceneViewState":{"showFog":true,"showMaterialUpdate":false,"showSkybox":false,"showFlares":true,"showImageEffects":true,"showParticleSystems":true},"in2DMode":false,"pivot":{"x":56.13967514038086,"y":-32.14274597167969,"z":-25.823974609375},"rotation":{"x":-0.10164366662502289,"y":-0.8982123136520386,"z":0.2929863929748535,"w":-0.3115675151348114},"size":37.88961410522461,"orthographic":false}