{"cameraMode":{"drawMode":0,"name":"Shaded","section":"Shading Mode"},"sceneLighting":false,"audioPlay":false,"sceneViewState":{"showFog":true,"showMaterialUpdate":false,"showSkybox":false,"showFlares":true,"showImageEffects":true,"showParticleSystems":true},"in2DMode":false,"pivot":{"x":-0.2548787593841553,"y":2.3365979194641115,"z":0.3421955704689026},"rotation":{"x":0.18131646513938905,"y":0.5578965544700623,"z":-0.12645497918128968,"w":0.7999298572540283},"size":12.373824119567871,"orthographic":false}