{"cameraMode":{"drawMode":0,"name":"Shaded","section":"Shading Mode"},"sceneLighting":false,"audioPlay":false,"sceneViewState":{"showFog":true,"showMaterialUpdate":false,"showSkybox":false,"showFlares":true,"showImageEffects":true,"showParticleSystems":true},"in2DMode":false,"pivot":{"x":56.35249328613281,"y":0.0000152587890625,"z":0.0},"rotation":{"x":0.13535162806510926,"y":0.045449137687683108,"z":-0.0062319086864590649,"w":0.9898179769515991},"size":382.23199462890627,"orthographic":false}