{"cameraMode":{"drawMode":0,"name":"Shaded","section":"Shading Mode"},"sceneLighting":false,"audioPlay":false,"sceneViewState":{"showFog":true,"showMaterialUpdate":false,"showSkybox":false,"showFlares":true,"showImageEffects":true,"showParticleSystems":true},"in2DMode":false,"pivot":{"x":33.41688919067383,"y":1.049760341644287,"z":-29.070133209228517},"rotation":{"x":-0.16038265824317933,"y":0.32936590909957888,"z":-0.056877996772527698,"w":-0.9287503957748413},"size":21.98347282409668,"orthographic":true}