{"cameraMode":{"drawMode":0,"name":"Shaded","section":"Shading Mode"},"sceneLighting":false,"audioPlay":false,"sceneViewState":{"showFog":true,"showMaterialUpdate":false,"showSkybox":false,"showFlares":true,"showImageEffects":true,"showParticleSystems":true},"in2DMode":false,"pivot":{"x":-0.1429598331451416,"y":1.1869032382965088,"z":-0.14709997177124024},"rotation":{"x":-0.09513843059539795,"y":0.6852407455444336,"z":-0.09095121920108795,"w":-0.7163619995117188},"size":8.219377517700196,"orthographic":true}