{"cameraMode":{"drawMode":0,"name":"Shaded","section":"Shading Mode"},"sceneLighting":false,"audioPlay":false,"sceneViewState":{"showFog":true,"showMaterialUpdate":false,"showSkybox":false,"showFlares":true,"showImageEffects":true,"showParticleSystems":true},"in2DMode":false,"pivot":{"x":1.6115572452545167,"y":5.103894233703613,"z":10.487358093261719},"rotation":{"x":-0.00045865579158999026,"y":0.9684301018714905,"z":-0.2493429183959961,"w":-0.001728519913740456},"size":9.72433853149414,"orthographic":true}