{"cameraMode":{"drawMode":0,"name":"Shaded","section":"Shading Mode"},"sceneLighting":false,"audioPlay":false,"sceneViewState":{"showFog":true,"showMaterialUpdate":false,"showSkybox":false,"showFlares":true,"showImageEffects":true,"showParticleSystems":true},"in2DMode":false,"pivot":{"x":8.999177932739258,"y":2.4114763736724855,"z":6.534482002258301},"rotation":{"x":0.3235842287540436,"y":-0.031515516340732577,"z":0.0107909319922328,"w":0.9456354379653931},"size":9.377906799316407,"orthographic":true}