{"cameraMode":{"drawMode":0,"name":"Shaded","section":"Shading Mode"},"sceneLighting":false,"audioPlay":false,"sceneViewState":{"showFog":true,"showMaterialUpdate":false,"showSkybox":false,"showFlares":true,"showImageEffects":true,"showParticleSystems":true},"in2DMode":false,"pivot":{"x":-17.95998764038086,"y":0.37161070108413699,"z":-3.9173190593719484},"rotation":{"x":0.0008454988710582256,"y":0.9924244284629822,"z":-0.1226876825094223,"w":0.006846072617918253},"size":1.8711750507354737,"orthographic":true}