{"cameraMode":{"drawMode":0,"name":"Shaded","section":"Shading Mode"},"sceneLighting":false,"audioPlay":false,"sceneViewState":{"showFog":true,"showMaterialUpdate":false,"showSkybox":false,"showFlares":true,"showImageEffects":true,"showParticleSystems":true},"in2DMode":false,"pivot":{"x":3.763170003890991,"y":1.190000057220459,"z":17.857704162597658},"rotation":{"x":0.05001313239336014,"y":-0.5569254159927368,"z":0.03362114727497101,"w":0.8283773064613342},"size":4.30664587020874,"orthographic":true}