{"cameraMode":{"drawMode":0,"name":"Shaded","section":"Shading Mode"},"sceneLighting":false,"audioPlay":false,"sceneViewState":{"showFog":true,"showMaterialUpdate":false,"showSkybox":false,"showFlares":true,"showImageEffects":true,"showParticleSystems":true},"in2DMode":false,"pivot":{"x":-0.3711751103401184,"y":-0.770982027053833,"z":-0.8579038381576538},"rotation":{"x":-0.21505990624427796,"y":0.0959431603550911,"z":-0.021269094198942186,"w":-0.971767008304596},"size":4.279187202453613,"orthographic":false}