{"cameraMode":{"drawMode":0,"name":"Shaded","section":"Shading Mode"},"sceneLighting":false,"audioPlay":false,"sceneViewState":{"showFog":true,"showMaterialUpdate":false,"showSkybox":false,"showFlares":true,"showImageEffects":true,"showParticleSystems":true},"in2DMode":false,"pivot":{"x":-0.3798641860485077,"y":0.10654296725988388,"z":-0.026065783575177194},"rotation":{"x":0.01987028494477272,"y":0.896252453327179,"z":-0.04035856947302818,"w":0.44126012921333315},"size":3.4512815475463869,"orthographic":true}