{"cameraMode":{"drawMode":0,"name":"Shaded","section":"Shading Mode"},"sceneLighting":false,"audioPlay":false,"sceneViewState":{"showFog":true,"showMaterialUpdate":false,"showSkybox":false,"showFlares":true,"showImageEffects":true,"showParticleSystems":true},"in2DMode":false,"pivot":{"x":0.29368287324905398,"y":0.21246829628944398,"z":1.3732120990753174},"rotation":{"x":0.3587190508842468,"y":0.05232849344611168,"z":-0.02014600671827793,"w":0.9317623972892761},"size":1.8043664693832398,"orthographic":true}