{"cameraMode":{"drawMode":0,"name":"Shaded","section":"Shading Mode"},"sceneLighting":false,"audioPlay":false,"sceneViewState":{"showFog":true,"showMaterialUpdate":false,"showSkybox":false,"showFlares":true,"showImageEffects":true,"showParticleSystems":true},"in2DMode":false,"pivot":{"x":3.132331371307373,"y":0.28657323122024538,"z":-39.11197280883789},"rotation":{"x":-0.209914430975914,"y":0.6754241585731506,"z":-0.21004393696784974,"w":-0.6750078797340393},"size":3.349857807159424,"orthographic":false}