{"cameraMode":{"drawMode":0,"name":"Shaded","section":"Shading Mode"},"sceneLighting":false,"audioPlay":false,"sceneViewState":{"showFog":true,"showMaterialUpdate":false,"showSkybox":false,"showFlares":true,"showImageEffects":true,"showParticleSystems":true},"in2DMode":false,"pivot":{"x":11.405935287475586,"y":8.556403160095215,"z":-11.742203712463379},"rotation":{"x":-0.11086498945951462,"y":0.4709894359111786,"z":-0.05980318784713745,"w":-0.8731145858764648},"size":13.882140159606934,"orthographic":true}