{"cameraMode":{"drawMode":0,"name":"Shaded","section":"Shading Mode"},"sceneLighting":false,"audioPlay":false,"sceneViewState":{"showFog":true,"showMaterialUpdate":false,"showSkybox":false,"showFlares":true,"showImageEffects":true,"showParticleSystems":true},"in2DMode":false,"pivot":{"x":1.7375115156173707,"y":1.3656188249588013,"z":1.1223509311676026},"rotation":{"x":0.20189045369625092,"y":-0.6508509516716003,"z":0.18560455739498139,"w":0.7079538106918335},"size":7.608125686645508,"orthographic":true}