{"cameraMode":{"drawMode":0,"name":"Shaded","section":"Shading Mode"},"sceneLighting":false,"audioPlay":false,"sceneViewState":{"showFog":true,"showMaterialUpdate":false,"showSkybox":false,"showFlares":true,"showImageEffects":true,"showParticleSystems":true},"in2DMode":false,"pivot":{"x":-0.18645334243774415,"y":0.6137579679489136,"z":0.0047190189361572269},"rotation":{"x":-0.1345849186182022,"y":0.6855186820030212,"z":-0.1310943067073822,"w":-0.7034333944320679},"size":6.306469917297363,"orthographic":true}