{"cameraMode":{"drawMode":0,"name":"Shaded","section":"Shading Mode"},"sceneLighting":false,"audioPlay":false,"sceneViewState":{"showFog":true,"showMaterialUpdate":false,"showSkybox":false,"showFlares":true,"showImageEffects":true,"showParticleSystems":true},"in2DMode":false,"pivot":{"x":29.433687210083009,"y":2.4410128593444826,"z":25.866539001464845},"rotation":{"x":0.10591978579759598,"y":-0.7566953897476196,"z":0.12669703364372254,"w":0.6325793266296387},"size":6.978557109832764,"orthographic":false}